Surrounding_sequence,Glycosylation,Phi_Psi_List,pLDDT_List
SDTKKNGTSAYVY,1.0,(-77.09424828930074; 70.89530613844883); (-72.84854514163953; 120.70766980683676); (106.82801261801974; 94.25547280829208); (-168.61981756430944; 89.91401230547643); (-25.756169424492757; 82.59433866640359); (-147.5271682947429; 60.40315625781668); (-151.90977361672864; 89.87862908120951); (-64.71887103590441; 94.80300851996279); (-46.23122410211886; 98.41038497402218); (-30.063468982819835; 88.43431875595688); (-60.846874756818075; 79.06300111545147),0.6899999976158142; 0.7300000190734863; 0.7099999785423279; 0.6399999856948853; 0.6100000143051147; 0.6299999952316284; 0.6499999761581421; 0.6800000071525574; 0.6899999976158142; 0.6700000166893005; 0.6800000071525574; 0.699999988079071; 0.6800000071525574
IEVTGNFSTLDLS,1.0,(-94.3788334532549; 107.5651962374619); (-72.084508083495; 96.47335598995022); (-101.46571943413916; 101.17797835169735); (-72.9639610948955; 117.79939072403214); (-74.08146773636255; 91.62009214067837); (-72.17957601369137; 88.15455117291566); (-72.47670376554568; 122.62493812565668); (-67.75632155488532; 127.7294384094875); (-88.24077698633022; 97.88195896450233); (-80.73219980412355; 97.19263162599961); (-91.50977683694785; -4.412362958381929),0.8899999856948853; 0.8299999833106995; 0.800000011920929; 0.800000011920929; 0.7799999713897705; 0.7599999904632568; 0.7599999904632568; 0.800000011920929; 0.8199999928474426; 0.8299999833106995; 0.8299999833106995; 0.8299999833106995; 0.8399999737739563
DKSTNNFTISIPE,1.0,(-61.737519420814166; 65.01176695655556); (-40.41377647355686; 87.72153541703427); (-47.070406059766164; 109.3044475884314); (-62.06673564670689; 78.57235172251147); (-53.06843828875159; 59.21357267901045); (-58.99880076188552; 104.99047512701586); (-77.83792523355417; 118.19156420613734); (-84.83262168446264; 103.38040679904938); (-75.20338528555222; 107.78277168067038); (-76.5523317157985; 110.0458763941641); (-52.3310237983261; 130.01482764036646),0.6299999952316284; 0.6700000166893005; 0.6800000071525574; 0.7099999785423279; 0.7200000286102295; 0.7300000190734863; 0.7900000214576721; 0.8100000023841858; 0.8299999833106995; 0.8100000023841858; 0.8299999833106995; 0.8299999833106995; 0.8199999928474426
DYVAKNTSAITTD,1.0,(-31.567617959871626; 111.27002750127531); (126.49926333888887; 79.97027036858502); (-117.67301635083493; 104.78954054446156); (-70.0644288658165; 96.73940195892379); (-55.3906097584115; 88.919212777629); (-83.35119301400567; 8.80187476392179); (-18.991371913831067; 49.30692937881967); (47.16024794103402; 85.12819203797588); (-33.18049192674778; 90.95486268399675); (-94.67212618491872; 117.90289984663147); (-84.17465886434931; 77.68647399293484),0.7300000190734863; 0.7699999809265137; 0.6800000071525574; 0.7200000286102295; 0.75; 0.7200000286102295; 0.699999988079071; 0.6800000071525574; 0.6600000262260437; 0.6499999761581421; 0.7300000190734863; 0.7400000095367432; 0.7400000095367432
ASYYANDTITVKG,1.0,(-67.75961161333407; 82.30336153232506); (-45.319654165162376; -0.34551726019837614); (-133.9304410204194; 40.14614872363645); (-96.03924692489583; 27.444799019261378); (-165.1833270250189; 14.756989904737496); (-101.5214693535169; 85.21490650618219); (-42.934199851635434; 90.1575904777748); (-61.445444241597016; 98.39468617414586); (-70.41008520253195; 104.38070693329357); (-77.46378018565107; 98.6541806082911); (-63.88256822165329; 94.65581899874272),0.6499999761581421; 0.6499999761581421; 0.5799999833106995; 0.6399999856948853; 0.6000000238418579; 0.6299999952316284; 0.6600000262260437; 0.7099999785423279; 0.75; 0.7699999809265137; 0.7699999809265137; 0.75; 0.75
GYDKLNSTFEDAV,1.0,(21.302310739715498; 40.21268710084476); (-107.48461052687546; 20.32577642487327); (-101.62231863841203; 17.195299010444305); (-100.11724352097629; 24.084817403435423); (-150.1015652576977; 20.47101055149209); (-96.16714260383804; 29.679593511584425); (-90.44792777739005; 5.229813943382237); (-143.1807194840074; 16.232432901767613); (-66.88348042640473; 11.770461250150138); (-156.7694345539123; 28.914251037629867); (-86.70667108025627; 25.081368720358043),0.5400000214576721; 0.6499999761581421; 0.6100000143051147; 0.6299999952316284; 0.5899999737739563; 0.6200000047683716; 0.6299999952316284; 0.6399999856948853; 0.6399999856948853; 0.6299999952316284; 0.6399999856948853; 0.6100000143051147; 0.6600000262260437
GCDARNLTDLEYI,1.0,(-75.94385438327753; 95.86027300188655); (-50.89934806530547; 82.76471339018349); (-37.01827162453195; 56.59248461720408); (-33.95599964074571; 116.64280786445194); (10.76553213868288; 65.41058096727701); (-75.84868478861337; 20.29083224176612); (-130.44727490286905; 25.103800216247002); (-91.6812995178604; 37.988802790631034); (-105.74309487275298; 61.66134776377634); (28.37459831720098; 77.77844089561539); (-55.269603618801206; 75.64429330270129),0.5899999737739563; 0.6800000071525574; 0.6700000166893005; 0.6499999761581421; 0.6700000166893005; 0.6299999952316284; 0.6499999761581421; 0.6299999952316284; 0.6000000238418579; 0.6100000143051147; 0.6600000262260437; 0.6600000262260437; 0.6899999976158142
SGLSDNETEWLKK,1.0,(-61.05827236372591; 66.89352965419275); (-80.11110977948935; 120.4380382650203); (-54.70294677122842; 134.40805298189647); (-34.98875058330279; -37.05041010018552); (-68.73888274215558; -24.937523342262185); (-79.33116317542056; -19.96896820028176); (-86.29002748508594; -35.73664655690036); (-64.72904227468922; -29.31088575492059); (-70.4974884636606; -32.58023827108072); (-70.41156464241183; -25.865743859276915); (-75.93470040544729; 3.029951890965243),0.6399999856948853; 0.6899999976158142; 0.6700000166893005; 0.7400000095367432; 0.699999988079071; 0.699999988079071; 0.6899999976158142; 0.6899999976158142; 0.6800000071525574; 0.7300000190734863; 0.7099999785423279; 0.7200000286102295; 0.6800000071525574
NPGGSNLTYTIER,1.0,(-55.71818007962322; 33.78315783153889); (-150.23684654249826; 40.82166595065667); (-24.2742743307736; 68.4497429146423); (-18.373842738740635; 92.83833736056796); (-32.800137927625464; 75.16409116881599); (-54.870337683820566; 89.1785735813478); (-74.36741102553404; 110.47252880890126); (-85.45279772789533; 123.36975213498879); (-78.66315869181673; 113.65720921831765); (-73.9748632766746; 112.70922500893612); (-72.81520127583315; 101.99026319787995),0.5799999833106995; 0.5799999833106995; 0.6399999856948853; 0.6299999952316284; 0.6499999761581421; 0.6899999976158142; 0.7200000286102295; 0.7699999809265137; 0.7799999713897705; 0.7900000214576721; 0.7900000214576721; 0.800000011920929; 0.800000011920929
TSLVRNASGLSTA,1.0,(-29.37404388486349; 99.5466331695983); (-49.10261063391184; 90.52290213194456); (-79.55919370674029; 103.40622565098134); (-72.22570403253711; 116.63569293405615); (-76.2360699051327; 103.75682390815085); (-60.605241971957504; 64.67704791975726); (78.17085425823514; 63.36730496151351); (-44.169815914740795; 6.258388982768644); (-84.19636529104844; 84.96189227791541); (-54.51531620622183; 105.70991140756585); (-48.722050996611934; -17.884535899694278),0.6899999976158142; 0.7300000190734863; 0.7200000286102295; 0.699999988079071; 0.699999988079071; 0.6499999761581421; 0.6200000047683716; 0.6499999761581421; 0.6600000262260437; 0.6399999856948853; 0.7099999785423279; 0.7099999785423279; 0.6499999761581421
DTLVGNLTIGGGL,1.0,(-82.11965623455599; 92.13796690399649); (-52.54722670769922; 96.40051842404976); (-79.42797277759512; 91.9430133782474); (-76.92511042943637; 134.70385861107317); (-72.76793278273074; 93.48983142682812); (-57.49898480888065; 96.2015584687056); (-80.5692119295795; 108.65989250260112); (-49.02598674929993; 93.7642562520881); (-1.1799232640121469; 97.58199648550878); (-65.92323474336104; 83.29878555512802); (-110.28845095912871; 106.07918617528098),0.8100000023841858; 0.8299999833106995; 0.8299999833106995; 0.800000011920929; 0.800000011920929; 0.7799999713897705; 0.7699999809265137; 0.7300000190734863; 0.6800000071525574; 0.6600000262260437; 0.6700000166893005; 0.6800000071525574; 0.6499999761581421
PGFTVNNSRSSSD,1.0,(-112.27668076730723; 112.80037557147418); (-76.83400983804083; 128.27412439222013); (-98.72530993954929; 115.5370069969354); (-82.75556268992285; 115.37221115023782); (-78.63121170217256; 89.18685591859617); (-69.5579025416196; 18.159650190033155); (-64.53354015966501; 87.95206857639904); (-46.565990981028165; 108.38680880357394); (-60.369212094950996; 109.52299544961413); (-54.453341744323176; 109.8490633306756); (-83.13186491458994; 54.835578146469274),0.7599999904632568; 0.800000011920929; 0.8399999737739563; 0.8299999833106995; 0.8199999928474426; 0.7699999809265137; 0.7699999809265137; 0.7599999904632568; 0.7300000190734863; 0.699999988079071; 0.7099999785423279; 0.6899999976158142; 0.7099999785423279
GDKEDNLTTLTTT,1.0,(-23.954817022014115; 81.68698029851629); (-28.74559886810741; 87.56556581381525); (-59.526078459416034; 102.02051002189852); (-66.3363705566578; 108.75604359606129); (-71.50772272851151; 99.42237806699713); (-62.175900139802195; 92.35558756724352); (-56.76713690905722; 114.94851850552921); (-68.92768046422437; 114.26596138507571); (-77.46825375906661; 104.86001156595124); (-80.0337865842546; 122.38310672144056); (-83.46703323157558; 119.17836374950033),0.6299999952316284; 0.7099999785423279; 0.7200000286102295; 0.7300000190734863; 0.7200000286102295; 0.7599999904632568; 0.7900000214576721; 0.8100000023841858; 0.8299999833106995; 0.8199999928474426; 0.8399999737739563; 0.8600000143051147; 0.8100000023841858
TDKFHNYTLDWAM,0.75,(-41.435344475044054; 73.70806386357238); (-47.31983862201532; 94.10118814529174); (-0.3402083214856461; 85.36596192064246); (-53.833141223106765; 88.6066171748962); (-61.50089307655315; 103.95145882546893); (-65.30734320622338; 109.16261767527696); (-72.15676137716301; 109.91311221105293); (-69.03328848475768; 89.72961488187067); (-87.99861913158728; 54.76824793696041); (-87.40451012413085; -4.529276952086142); (-113.6038993572255; -3.8858178365510705),0.6600000262260437; 0.6800000071525574; 0.6800000071525574; 0.6899999976158142; 0.7099999785423279; 0.7099999785423279; 0.75; 0.75; 0.75; 0.7300000190734863; 0.7900000214576721; 0.7200000286102295; 0.699999988079071
TAEFKNLSIPVFF,0.75,(-56.61219019904441; 99.4763045055905); (-63.449680427392266; 101.418297536737); (-59.33030556157708; 107.98958975266079); (-74.36395933429192; 109.0209180891348); (-51.240045665752184; 82.79915188836978); (-74.26473753352012; 88.81957456368413); (-71.25945292196494; 110.80690922085611); (-63.43075022078045; 113.19234338571395); (-51.418693993132756; 110.1862419169758); (-74.79659943962038; 98.05569393086635); (-79.17621847390758; 104.83879045573634),0.6800000071525574; 0.6899999976158142; 0.7799999713897705; 0.7900000214576721; 0.800000011920929; 0.7799999713897705; 0.800000011920929; 0.7900000214576721; 0.8100000023841858; 0.8100000023841858; 0.8199999928474426; 0.8100000023841858; 0.7799999713897705
FFYSNNGSQFYIR,0.75,(-108.03805775512076; 134.53327165409914); (-83.85550235151705; 126.18264591845889); (-72.15348750805133; 156.01245616427963); (-58.35427563208938; -18.104422770126135); (-95.90437362910386; 9.54788155745965); (87.5854928438096; -14.95705851728857); (-70.54884013585664; 132.88442297698077); (-88.16741434998644; 124.5617100828643); (-117.66662466382905; 135.65160452090893); (-88.85901157029322; 108.70263672798045); (-84.77788055037004; 106.18113212213014),0.8199999928474426; 0.8399999737739563; 0.800000011920929; 0.8100000023841858; 0.7799999713897705; 0.7599999904632568; 0.8399999737739563; 0.8299999833106995; 0.8399999737739563; 0.8299999833106995; 0.800000011920929; 0.7599999904632568; 0.7599999904632568
RVYAINTTLDHSE,0.75,(-79.0901010980199; 132.72660941440319); (-104.10236605176497; 119.86913516270266); (-79.21300516718037; 116.61860610424613); (-81.00887472883645; 97.2298124601618); (-66.28617673812448; 91.34285030784575); (-84.70719145171216; 73.99074852856066); (-71.06732321934732; 111.85017784563351); (-72.17942954015402; 103.2691857219485); (-54.07875948815664; 103.99128830681023); (-86.39644965090727; 37.417528009399106); (-67.13017646751061; 110.05290652277097),0.8700000047683716; 0.8799999952316284; 0.8600000143051147; 0.8199999928474426; 0.8399999737739563; 0.800000011920929; 0.7900000214576721; 0.800000011920929; 0.7799999713897705; 0.7799999713897705; 0.7699999809265137; 0.75; 0.7300000190734863
AASSSNSSTPSIE,0.75,(-97.08665787619779; 112.7362153471989); (16.46496384593861; 113.62714527988231); (-42.1414834837022; 105.66439730418138); (-42.11029540225142; 102.55328557138074); (-14.783782688567426; 82.48116085879161); (-39.58824362810147; 70.55650231622002); (-70.96113714840227; 79.25023510757391); (-59.687001525708595; 109.44273953826111); (-56.543662300085174; 133.26222957836364); (-78.76615247665468; 126.34862698222365); (-67.39573896161673; 85.63727466419374),0.5699999928474426; 0.6200000047683716; 0.699999988079071; 0.699999988079071; 0.699999988079071; 0.6700000166893005; 0.7200000286102295; 0.7400000095367432; 0.7799999713897705; 0.800000011920929; 0.8500000238418579; 0.8500000238418579; 0.8399999737739563
YSLFANDSDSKHG,0.75,(-57.89467704247574; 81.67230082710975); (-19.612164028319913; 5.496770473856519); (-149.6600943394153; 37.72897610571634); (-64.36804427359662; 76.8055988989908); (87.49091828606122; 49.723120454069665); (-43.243440163340814; 40.04333051511402); (-65.64557514425373; 1.25270403200151); (-78.17561260182902; 56.99985665988563); (73.49794353916926; 53.93291002391424); (-153.27646355396217; 62.908527723510026); (-65.57768207117533; 72.92170478186755),0.6499999761581421; 0.6399999856948853; 0.5799999833106995; 0.6100000143051147; 0.5899999737739563; 0.5799999833106995; 0.5799999833106995; 0.5899999737739563; 0.5899999737739563; 0.5600000023841858; 0.5600000023841858; 0.5600000023841858; 0.5799999833106995
VRVLSNTSSEGYP,0.5,(-82.10128309594363; 110.13590954147833); (-75.11742931971305; 93.46082874502854); (-79.51342413518445; 91.52679657754342); (-57.06381215988308; 113.00318938532159); (-37.79895180993699; 75.10584067914134); (-58.261306493722465; 60.12252925700961); (-57.20193113842449; 107.40051825856321); (-58.67581638287027; 48.35912107050076); (-60.08870601875325; 98.9896018138288); (-66.42097767504391; 102.30906942837522); (32.03742810428294; 128.50783260117802),0.7900000214576721; 0.7799999713897705; 0.7300000190734863; 0.7200000286102295; 0.7099999785423279; 0.6899999976158142; 0.6800000071525574; 0.6600000262260437; 0.6299999952316284; 0.6600000262260437; 0.6600000262260437; 0.6700000166893005; 0.6499999761581421
DSSSSNFSCNALK,0.5,(-26.92459111765825; 13.190686045056543); (-97.1684170832479; 44.867252071406675); (-60.1200616776973; 67.69360533614312); (21.04454092469086; 67.3506936687726); (-11.138082503489116; 48.95802827692099); (-49.47047791221036; 81.92954124385781); (-79.05110970291899; 115.66118673510813); (-69.50273033296027; 53.53460206598204); (-83.498047144205; 56.32695117311332); (-111.11493572968233; 17.671726023039366); (-134.75301141942808; 59.362885518815496),0.6299999952316284; 0.6299999952316284; 0.6299999952316284; 0.6299999952316284; 0.6600000262260437; 0.6800000071525574; 0.7099999785423279; 0.7099999785423279; 0.699999988079071; 0.6800000071525574; 0.6899999976158142; 0.7099999785423279; 0.699999988079071
QADTANETSGSTV,0.5,(-49.81269730637507; 87.07047682919331); (-27.387201236479594; 70.15374148151597); (-54.31880290686161; 62.836728665388144); (-42.66898828591028; 112.24936230392669); (-22.498261626385666; 81.47003027282831); (-31.30626070490258; 98.74672054536748); (-62.79116198889802; 99.39865338539433); (-42.16570046054433; 127.33552493880705); (-59.23446327939755; 113.51010296540319); (-76.68612670922239; 114.79970521359608); (-91.11948297122747; 95.42507951346298),0.7099999785423279; 0.6899999976158142; 0.6899999976158142; 0.7099999785423279; 0.6600000262260437; 0.7099999785423279; 0.7099999785423279; 0.7099999785423279; 0.699999988079071; 0.7099999785423279; 0.7300000190734863; 0.7599999904632568; 0.7599999904632568
ESQLKNVSLPTTK,0.5,(-130.4332628306552; 40.104415222407276); (-98.86484446903705; 26.870060806986068); (-105.93318625213806; 18.278758546534593); (-85.14476004209793; 38.664977840713696); (-179.61352015614898; 31.965105363164096); (-82.61901179168865; 103.71305750812051); (-76.88045633029991; 122.49133751428425); (-70.70822082575404; 141.24822452849023); (-55.62494172334159; 116.70071610537546); (-66.07582929887162; 96.06141054268333); (-60.8934526701866; 102.49756787383167),0.6000000238418579; 0.6100000143051147; 0.6499999761581421; 0.699999988079071; 0.6800000071525574; 0.7400000095367432; 0.7699999809265137; 0.7799999713897705; 0.8100000023841858; 0.8100000023841858; 0.7799999713897705; 0.8100000023841858; 0.7400000095367432
YSTSNNYSTCPDY,0.5,(-64.34962736400412; 94.68722167984947); (-90.84853384721953; 25.201093568776553); (174.90941552803756; 64.66202074154916); (-60.82992568448538; 61.50515454607376); (-42.50914268390124; 72.28384355690928); (-62.18310440120562; -4.106882453921351); (-62.876290836451375; -22.58625520188681); (-104.81126910200275; 17.732341781450394); (-79.15029446078576; 129.19192581733452); (-48.51559617619111; 116.88237483728835); (-46.627449950184136; 75.77051078805103),0.6800000071525574; 0.6399999856948853; 0.6299999952316284; 0.6499999761581421; 0.6499999761581421; 0.6600000262260437; 0.7099999785423279; 0.6899999976158142; 0.6899999976158142; 0.6800000071525574; 0.7099999785423279; 0.7099999785423279; 0.7400000095367432
PGGSSNLTDPLAD,0.5,(-48.2915051116794; 99.72535071471214); (-23.815706377739826; 117.66110986994511); (-34.301149315658634; 76.6960211776861); (-63.86963445582808; 52.79710313251983); (138.72002108726033; 42.60217142233934); (-66.56198354673575; 62.9180191967334); (-85.46024552263209; 67.20097147730745); (-92.91586886591425; 97.63974838795518); (-50.36078730557315; 73.2080798617465); (27.785280911427883; 83.70828710476773); (-16.545575035358315; 90.86858772558782),0.5799999833106995; 0.6899999976158142; 0.6299999952316284; 0.6299999952316284; 0.6399999856948853; 0.6200000047683716; 0.6299999952316284; 0.6700000166893005; 0.6499999761581421; 0.6499999761581421; 0.6600000262260437; 0.6800000071525574; 0.7400000095367432
GCDAKNLTDLEYI,0.5,(-45.38506049257087; 83.64089385671188); (-60.80781699594871; 68.42012767494913); (-35.54033124438388; 64.03689241510769); (-39.161755215131095; 103.93659145574115); (15.313533320377037; 63.082941674074455); (-62.388050549165996; 30.43040654183546); (-130.85213689659957; 32.06380202609784); (-111.14946449032594; 35.14891264069978); (-142.61446875789605; 55.97928351338595); (-61.319358060751604; 77.55097151145834); (-15.798550621839661; 66.00042517313865),0.6200000047683716; 0.6800000071525574; 0.6499999761581421; 0.6600000262260437; 0.6600000262260437; 0.6299999952316284; 0.6499999761581421; 0.6499999761581421; 0.6100000143051147; 0.6299999952316284; 0.6600000262260437; 0.6800000071525574; 0.6800000071525574
EISKYNYSNPGFS,0.5,(-22.438913551508538; 76.71495413474584); (-31.64614833063908; 92.86224457809384); (-17.90459681306993; -7.348218829054238); (-110.82851438141154; 3.8012893585991545); (-49.36156809888075; 55.96001517909733); (-39.181485419004495; 38.973890006360634); (-22.384666047459575; 71.75525368452543); (40.941481867967326; 85.8414395997633); (-50.250961248379454; 50.80907184816806); (10.163800221290574; 54.323246961556926); (-70.32938059012467; 107.98438150494253),0.6200000047683716; 0.6499999761581421; 0.6899999976158142; 0.6299999952316284; 0.6399999856948853; 0.6200000047683716; 0.6200000047683716; 0.6299999952316284; 0.6399999856948853; 0.6299999952316284; 0.6899999976158142; 0.699999988079071; 0.7099999785423279
SVYSDNGTLKLGS,0.25,(-62.73478157578984; 51.980732582591216); (-45.64960768718153; 123.45442947007773); (-82.76080856266503; 134.6985780382901); (-49.45901591398569; 2.2947143169811364); (-119.53916766656305; 20.158152178098476); (79.99830585668313; 0.620772289681939); (-99.10925702005615; 118.93064788193077); (-59.8394899147909; 105.27276024291938); (-81.677580999317; 91.81851147814734); (-64.68524150240914; 89.70791430382573); (114.49096937666133; 69.72285951384737),0.6399999856948853; 0.6499999761581421; 0.6899999976158142; 0.699999988079071; 0.6499999761581421; 0.6200000047683716; 0.7200000286102295; 0.6899999976158142; 0.7300000190734863; 0.699999988079071; 0.6399999856948853; 0.6800000071525574; 0.6800000071525574
NKYVNNLSQDDDD,0.25,(-10.116390776366801; 80.21941715035611); (-24.984665119219027; 107.36338390429952); (26.051335826941276; 85.4198172201582); (-179.08185272779852; 80.37377231733628); (-40.10086722522823; 49.98700604812691); (-51.15686254563708; 40.360765815757816); (-159.60177815140855; 56.58849850580566); (-124.00720025143826; 74.40368862837998); (16.317594535196257; 53.22289266729852); (-57.553553157981625; 76.35399189350869); (-37.264828614636926; 69.60843241067256),0.6499999761581421; 0.6600000262260437; 0.6299999952316284; 0.6299999952316284; 0.6299999952316284; 0.6399999856948853; 0.6200000047683716; 0.6299999952316284; 0.6299999952316284; 0.6399999856948853; 0.6499999761581421; 0.6800000071525574; 0.6700000166893005
AAVIFNSSDKTIH,0.25,(-75.26039923305794; 125.48991678388262); (-84.43307634062091; 103.29221081860067); (-87.06667977134097; 104.36858971810966); (-68.17424347926334; 117.69854585123437); (-78.93458323037379; 88.5750053795281); (-59.20095275594204; -1.794755334558199); (-73.70394918736982; 3.9453337932285852); (-100.2111348253192; 59.212969066154166); (-105.70732581156969; 55.894795615691315); (-68.53574829516975; 94.37525074760296); (-63.42568361204016; 93.98487763388242),0.8199999928474426; 0.8700000047683716; 0.8399999737739563; 0.8299999833106995; 0.8100000023841858; 0.75; 0.7300000190734863; 0.7200000286102295; 0.7099999785423279; 0.699999988079071; 0.75; 0.7699999809265137; 0.7799999713897705
DPTETNATPIPVV,0.25,(-49.44915848446281; 94.99763163504234); (-3.725175742409608; 89.31762110798455); (-9.593006604161923; 80.07286924984614); (-67.13240473688153; 96.16142534959819); (-29.984039630487903; 60.9857049952433); (-63.20965008009423; 104.76162745732712); (-47.85951832441211; 112.39513791289772); (-56.25848299193472; 122.57840833352383); (-64.63189515210867; 109.90295999756503); (-49.322647265011504; 117.32123846493366); (-76.07216803780767; 83.78270119825831),0.6700000166893005; 0.6299999952316284; 0.6800000071525574; 0.6700000166893005; 0.6899999976158142; 0.6899999976158142; 0.7599999904632568; 0.800000011920929; 0.8199999928474426; 0.8700000047683716; 0.8700000047683716; 0.8899999856948853; 0.8600000143051147
